Exp_month,Exp_year,Exp_date
01,2015,2015.01.27
03,2015,2015.03.10
04,2015,2015.04.21
06,2015,2015.06.09
07,2015,2015.07.21
09,2015,2015.09.08
10,2015,2015.10.27
12,2015,2015.12.08
01,2016,2016.01.26
03,2016,2016.03.15
04,2016,2016.04.26
06,2016,2016.06.07
07,2016,2016.07.26
09,2016,2016.09.13
10,2016,2016.10.25
12,2016,2016.12.13
01,2017,2017.01.24
03,2017,2017.03.14
05,2017,2017.05.02
06,2017,2017.06.13
07,2017,2017.07.25
09,2017,2017.09.12
10,2017,2017.10.31
12,2017,2017.12.19
01,2018,2018.01.30
03,2018,2018.03.13
05,2018,2018.05.02
06,2018,2018.06.19
07,2018,2018.07.31
09,2018,2018.09.18
10,2018,2018.10.30
12,2018,2018.12.18
01,2019,2019.01.29